<?xml version="1.0" encoding="UTF-8" standalone="yes"?>
<addon id="plugin.video.sky.sports.news" name="Sky Sports News" version="1.0.0" provider-name="Arber">
    <requires>
        <import addon="xbmc.python" version="2.1.0"/>
    </requires>
    <extension point="xbmc.python.pluginsource" library="default.py">
        <provides>video</provides>
    </extension>
    <extension point="xbmc.addon.metadata">
        <platform>all</platform>
        <summary>Watch Videos From Sky Sports News</summary>
        <description>Watch a wide selection of videos from Sky Sports News (skysports.com)</description>
		<disclaimer lang="en">The author is not responsible for the media you find in this add-on.</disclaimer>
    </extension>
	
</addon>
