<?xml version="1.0" encoding="UTF-8" standalone="yes"?>
<addon id="plugin.video.startrek.continues" name="Star Trek Continues" version="1.0.0" provider-name="Arber">
    <requires>
        <import addon="xbmc.python" version="2.1.0"/>
        <import addon="plugin.video.vimeo" version="4.1.4"/>
    </requires>
    <extension point="xbmc.python.pluginsource" library="default.py">
        <provides>video</provides>
    </extension>
    <extension point="xbmc.addon.metadata">
        <platform>all</platform>
        <summary>Watch Star Trek Continues</summary>
        <description>Watch this fan made mini-series based on Star Trek.</description>
		<disclaimer lang="en">The author is not responsible for the media you find in this add-on. Star Trek and all related marks, logos and characters are solely owned by CBS Studios Inc. This fan production is not endorsed by, sponsored by, nor affiliated with CBS, Paramount Pictures, or any other Star Trek franchise, and is a non-commercial fan-made film series intended for recreational use. No commercial exhibition or distribution is permitted. No alleged independent rights will be asserted against CBS or Paramount Pictures.</disclaimer>
    </extension>
	
</addon>
