<?xml version="1.0" encoding="UTF-8" standalone="yes"?>
<addon id="repository.arber" name="Arber Repo" version="1.0.0" provider-name="Arber">
	<extension point="xbmc.addon.repository" name="Arber Repository">
		<info compressed="false">http://raw.github.com/ArberDev/repository.arber/master/addons.xml</info>
		<checksum>http://raw.github.com/ArberDev/repository.arber/master/addons.xml.md5</checksum>
		<datadir zip="true">http://raw.github.com/ArberDev/repository.arber/master/zips</datadir>
	</extension>
	<extension point="xbmc.addon.metadata">
		<summary>Arber's Repository</summary>
		<description>Download and install add-ons from Arber's Repository.</description>
		<platform>all</platform>
	</extension>
</addon>

