<?xml version="1.0" encoding="UTF-8" standalone="yes"?>
<addon id="plugin.video.boxplus" name="Box Plus Network" version="1.0.0" provider-name="Arber">
    <requires>
        <import addon="xbmc.python" version="2.1.0"/>
    </requires>
    <extension point="xbmc.python.pluginsource" library="default.py">
        <provides>video</provides>
    </extension>
    <extension point="xbmc.addon.metadata">
        <platform>all</platform>
        <summary>Watch Live Music TV</summary>
        <description>Watch live music television from the Box Plus Network.</description>
		<disclaimer lang="en">The author is not responsible for the media you find in this add-on.</disclaimer>
    </extension>
	
</addon>
