<?xml version="1.0" encoding="UTF-8" standalone="yes"?>
<addon id="plugin.video.fite.tv" name="FITE.tv" version="2.0.1" provider-name="Arber">
    <requires>
        <import addon="xbmc.python" version="2.1.0"/>
    </requires>
    <extension point="xbmc.python.pluginsource" library="default.py">
        <provides>video</provides>
    </extension>
    <extension point="xbmc.addon.metadata">
        <platform>all</platform>
        <summary>Watch replays from Fite.tv</summary>
        <description>Watch replays from Fite.tv</description>
		<disclaimer lang="en">The author is not responsible for the media you find in this add-on.</disclaimer>
    </extension>
	
</addon>
